eps_wb_s,AoA
0.00615231975957702,12.996
0.0025121305959820237,11.004
0.008415015994358427,13.996
0.0008530903941533806,10.004
0.004252417148654089,11.996
